Product Name,Price,Main Features,Review Score
"No Stud TV Wall Mount, Drywall Studless TV Hanger","$19.99","VESA 12-55 inch TVs up to 99 lbs, No Drill, No Damage, Easy Install, Include Hardware Levels","4.7 out of 5 stars (12.1K reviews)"
"Hasipu Vanity Mirror with Lights, 42"" x 30"" LED Makeup Mirror","$169.79","LED Makeup Mirror, Dimmable 3 Modes, Touch Screen Control, Square White, 27 sizes available","4.4 out of 5 stars (2K reviews)"
"oneinmil 70"" Floating Fireplace TV Stand with 36"" Electric Fireplace","$279.99","Wall Mounted Floating Entertainment Center, Storage, TV Console with Fireplace, All White","4.4 out of 5 stars (291 reviews)"
"Motion Sensor Under Cabinet Lights, Magnetic Rechargeable","$8.99","Wireless Night Light Bar Stick-On, 2-Pack, Cool White, Motion Sensor, Magnetic, Rechargeable","4.3 out of 5 stars (3.2K reviews)"
"LIVTAB Smart Coffee Table with Built in Fridge","$649.99","23"" D x 41.5"" W x 18.2"" H, 15W Wireless Charging, USB Chargers, Speakers, Built-in Fridge","4.4 out of 5 stars (42 reviews)"
"LED Coffee Table, 44"" 3-Drawers Modern Coffee Table","$179.99","Storage and Charging Station, Living Room, Black, 3 Drawers, LED Lights","4.0 out of 5 stars (5 reviews)"
"Treocho LED Nightstand with Hidden Space","$114.99","Modern Night Stand with Charging Station, 3 Drawer Smart Nightstand, RGB Lights, Glossy Finish, Black","4.3 out of 5 stars (52 reviews)"
"HOUSE DAY Black Magic Space Saving Hangers 10 Pack","$9.99","Premium Smart Hanger Hooks, Cascading Hangers, 5 Holes for Heavy Clothes, Closet Organizers","4.4 out of 5 stars (35.5K reviews)"
"Multifunction Smart King Bed Frame, Luxury Upholstered Platform","$1,798.00","Massage Recliner, Bluetooth Speaker, USB Charging Station, Storage Drawers, Leather Headboard, Wooden Slats, Black","4.6 out of 5 stars (7 reviews)"
"HOME IT Mop And Broom Holder Wall Mount","$14.99","Garage Storage Systems, 5 Slots, 6 Hooks, 7.5lbs Capacity Per Slot, Garden Tool Organizer, Off-White","4.6 out of 5 stars (42.1K reviews)"
